#GRM31CR71E106KA12,,
#In Production,,
#2026/10/05,,
#c_temp_capacitance,,
#capacitance  DC5.25V  AC0.01Vrms,,
Temperature[degC],Capacitance[F],
-55.0,4.236535275085233E-6,
-54.5,4.249111961515513E-6,
-54.0,4.2618343721367265E-6,
-53.5,4.274696039171943E-6,
-53.0,4.287690618114086E-6,
-52.5,4.300811885613433E-6,
-52.0,4.31405373751325E-6,
-51.5,4.327410187020609E-6,
-51.0,4.340875363014693E-6,
-50.5,4.3544435084715645E-6,
-50.0,4.368108979012147E-6,
-49.5,4.38186624154134E-6,
-49.0,4.395709873000638E-6,
-48.5,4.409634559201081E-6,
-48.0,4.4236350937498796E-6,
-47.5,4.43770637704113E-6,
-47.0,4.451843415329974E-6,
-46.5,4.4660413198671175E-6,
-46.0,4.480295306086025E-6,
-45.5,4.494600692852714E-6,
-45.0,4.508952901757148E-6,
-44.5,4.523347456451334E-6,
-44.0,4.537779982020394E-6,
-43.5,4.55224620438892E-6,
-43.0,4.566741949758615E-6,
-42.5,4.581263144066272E-6,
-42.0,4.595805812463258E-6,
-41.5,4.610366078811242E-6,
-41.0,4.624940165194195E-6,
-40.5,4.639524391432443E-6,
-40.0,4.654115174610478E-6,
-39.5,4.668709028603451E-6,
-39.0,4.683302563605291E-6,
-38.5,4.697892485652975E-6,
-38.0,4.7124755961468E-6,
-37.5,4.7270487913644676E-6,
-37.0,4.741609061960101E-6,
-36.5,4.75615349245947E-6,
-36.0,4.770679260732695E-6,
-35.5,4.785183637457275E-6,
-35.0,4.799663985562936E-6,
-34.5,4.814117759653472E-6,
-34.0,4.828542505414968E-6,
-33.5,4.842935858996468E-6,
-33.0,4.8572955463715025E-6,
-32.5,4.871619382674496E-6,
-32.0,4.885905271512675E-6,
-31.5,4.900151204252939E-6,
-31.0,4.914355259282815E-6,
-30.5,4.92851560124422E-6,
-30.0,4.942630480238132E-6,
-29.5,4.956698231007719E-6,
-29.0,4.970717272085819E-6,
-28.5,4.984686104918343E-6,
-28.0,4.998603312961837E-6,
-27.5,5.012467560747028E-6,
-27.0,5.026277592918695E-6,
-26.5,5.040032233246045E-6,
-26.0,5.053730383603285E-6,
-25.5,5.0673710229264144E-6,
-25.0,5.080953206138292E-6,
-24.5,5.094476063051569E-6,
-24.0,5.1079387972388725E-6,
-23.5,5.121340684883278E-6,
-23.0,5.134681073598153E-6,
-22.5,5.147959381225524E-6,
-22.0,5.161175094608027E-6,
-21.5,5.174327768338272E-6,
-21.0,5.187417023484764E-6,
-20.5,5.200442546294351E-6,
-20.0,5.2134040868765806E-6,
-19.5,5.226301457864089E-6,
-19.0,5.239134533054724E-6,
-18.5,5.251903246033158E-6,
-18.0,5.264607588778063E-6,
-17.5,5.277247610246786E-6,
-17.0,5.289823414947791E-6,
-16.5,5.302335161496865E-6,
-16.0,5.314783061156767E-6,
-15.5,5.327167376366591E-6,
-15.0,5.3394884192548755E-6,
-14.5,5.351746550144761E-6,
-14.0,5.363942176047012E-6,
-13.5,5.376075749139989E-6,
-13.0,5.3881477652471766E-6,
-12.5,5.400158762301885E-6,
-12.0,5.41210931880701E-6,
-11.5,5.424000052287759E-6,
-11.0,5.435831617740207E-6,
-10.5,5.447604706077752E-6,
-10.0,5.459320042567641E-6,
-9.5,5.470978385273694E-6,
-9.0,5.482580523491059E-6,
-8.5,5.494127276184162E-6,
-8.0,5.505619490422613E-6,
-7.5,5.517058039819512E-6,
-7.0,5.528443822971301E-6,
-6.5,5.539777761900169E-6,
-6.0,5.551060800500751E-6,
-5.5,5.562293902989161E-6,
-5.0,5.57347805235959E-6,
-4.5,5.584614248844322E-6,
-4.0,5.595703508382482E-6,
-3.5,5.606746861093188E-6,
-3.0,5.617745349759193E-6,
-2.5,5.628700028316806E-6,
-2.0,5.639611960356454E-6,
-1.5,5.650482217631592E-6,
-1.0,5.661311878579214E-6,
-0.5,5.672102026849996E-6,
0.0,5.682853749850013E-6,
0.5,5.6935681372953036E-6,
1.0,5.7042462797767345E-6,
1.5,5.714889267340525E-6,
2.0,5.725498188079697E-6,
2.5,5.736074126740366E-6,
3.0,5.746618163341411E-6,
3.5,5.757131371809957E-6,
4.0,5.767614818631859E-6,
4.5,5.7780695615150585E-6,
5.0,5.788496648072113E-6,
5.5,5.798897114516501E-6,
6.0,5.809271984375376E-6,
6.5,5.8196222672210575E-6,
7.0,5.829948957416712E-6,
7.5,5.840253032881468E-6,
8.0,5.850535453871638E-6,
8.5,5.8607971617814625E-6,
9.0,5.871039077959839E-6,
9.5,5.881262102547385E-6,
10.0,5.8914671133307256E-6,
10.5,5.9016549646156094E-6,
11.0,5.911826486120746E-6,
11.5,5.921982481888359E-6,
12.0,5.932123729216469E-6,
12.5,5.9422509776088754E-6,
13.0,5.952364947747162E-6,
13.5,5.962466330480261E-6,
14.0,5.972555785837012E-6,
14.5,5.982633942056806E-6,
15.0,5.992701394642431E-6,
15.5,6.002758705433053E-6,
16.0,6.012806401698637E-6,
16.5,6.022844975255449E-6,
17.0,6.0328748816031486E-6,
17.5,6.04289653908333E-6,
18.0,6.052910328059865E-6,
18.5,6.062916590123132E-6,
19.0,6.072915627312852E-6,
19.5,6.082907701367294E-6,
20.0,6.092893032993348E-6,
20.5,6.102871801159866E-6,
21.0,6.112844142414664E-6,
21.5,6.122810150224489E-6,
22.0,6.132769874340248E-6,
22.5,6.142723320183277E-6,
23.0,6.1526704482608615E-6,
23.5,6.16261117360087E-6,
24.0,6.17254536521621E-6,
24.5,6.182472845591434E-6,
25.0,6.192393390196282E-6,
25.5,6.202306727026164E-6,
26.0,6.212212536166134E-6,
26.5,6.2221104493848335E-6,
27.0,6.232000049753355E-6,
27.5,6.241880871293882E-6,
28.0,6.2517523986511925E-6,
28.5,6.2616140668005676E-6,
29.0,6.271465260776876E-6,
29.5,6.2813053154366415E-6,
30.0,6.2911335152494134E-6,
30.5,6.300949094118693E-6,
31.0,6.3107512352335795E-6,
31.5,6.320539070951462E-6,
32.0,6.330311682712944E-6,
32.5,6.340068100988209E-6,
33.0,6.3498073052550885E-6,
33.5,6.359528224012635E-6,
34.0,6.3692297348280946E-6,
34.5,6.378910664413523E-6,
35.0,6.38856978874428E-6,
35.5,6.398205833209326E-6,
36.0,6.407817472794772E-6,
36.5,6.4174033323096214E-6,
37.0,6.426961986644603E-6,
37.5,6.436491961069862E-6,
38.0,6.445991731571621E-6,
38.5,6.455459725226066E-6,
39.0,6.4648943206137925E-6,
39.5,6.4742938482753125E-6,
40.0,6.483656591205034E-6,
40.5,6.492980785388238E-6,
41.0,6.502264620378102E-6,
41.5,6.511506239918079E-6,
42.0,6.520703742603576E-6,
42.5,6.529855182591174E-6,
43.0,6.53895857034725E-6,
43.5,6.548011873445542E-6,
44.0,6.557013017409151E-6,
44.5,6.565959886596716E-6,
45.0,6.574850325133815E-6,
45.5,6.583682137895525E-6,
46.0,6.592453091532006E-6,
46.5,6.601160915543592E-6,
47.0,6.609803303405027E-6,
47.5,6.618377913735603E-6,
48.0,6.626882371518097E-6,
48.5,6.635314269372602E-6,
49.0,6.6436711688725134E-6,
49.5,6.651950601914925E-6,
50.0,6.660150072139644E-6,
50.5,6.668267056399634E-6,
51.0,6.676299006279865E-6,
51.5,6.684243349673216E-6,
52.0,6.692097492394788E-6,
52.5,6.6998588198648755E-6,
53.0,6.707524698825653E-6,
53.5,6.71509247911826E-6,
54.0,6.722559495511934E-6,
54.5,6.729923069578319E-6,
55.0,6.7371805116230755E-6,
55.5,6.744329122658775E-6,
56.0,6.7513661964393255E-6,
56.5,6.758289021539784E-6,
57.0,6.765094883478066E-6,
57.5,6.7717810669024906E-6,
58.0,6.778344857812852E-6,
58.5,6.784783545835512E-6,
59.0,6.791094426549727E-6,
59.5,6.797274803857712E-6,
60.0,6.803321992399291E-6,
60.5,6.8092333200141375E-6,
61.0,6.815006130253018E-6,
61.5,6.8206377849218186E-6,
62.0,6.8261256666852085E-6,
62.5,6.831467181693316E-6,
63.0,6.836659762266661E-6,
63.5,6.841700869608327E-6,
64.0,6.846587996561806E-6,
64.5,6.851318670401887E-6,
65.0,6.855890455665943E-6,
65.5,6.86030095701736E-6,
66.0,6.864547822142732E-6,
66.5,6.868628744675967E-6,
67.0,6.872541467161636E-6,
67.5,6.876283784040719E-6,
68.0,6.879853544665121E-6,
68.5,6.88324865633584E-6,
69.0,6.8864670873642045E-6,
69.5,6.889506870160115E-6,
70.0,6.892366104328818E-6,
70.5,6.895042959799476E-6,
71.0,6.897535679955656E-6,
71.5,6.899842584786912E-6,
72.0,6.9019620740603244E-6,
72.5,6.903892630476566E-6,
73.0,6.905632822863412E-6,
73.5,6.907181309352263E-6,
74.0,6.908536840568453E-6,
74.5,6.909698262822842E-6,
75.0,6.910664521296177E-6,
75.5,6.911434663231233E-6,
76.0,6.912007841102067E-6,
76.5,6.912383315789449E-6,
77.0,6.912560459752578E-6,
77.5,6.912538760164695E-6,
78.0,6.912317822061527E-6,
78.5,6.911897371451652E-6,
79.0,6.9112772584315265E-6,
79.5,6.910457460253787E-6,
80.0,6.909438084391728E-6,
80.5,6.908219371586209E-6,
81.0,6.906801698838346E-6,
81.5,6.905185582398677E-6,
82.0,6.903371680732531E-6,
82.5,6.901360797418848E-6,
83.0,6.899153884057799E-6,
83.5,6.896752043121556E-6,
84.0,6.894156530769071E-6,
84.5,6.8913687596421734E-6,
85.0,6.888390301591833E-6,
85.5,6.885222890418403E-6,
86.0,6.8818684245020304E-6,
86.5,6.878328969457778E-6,
87.0,6.8746067607158675E-6,
87.5,6.870704206073989E-6,
88.0,6.866623888192828E-6,
88.5,6.86236856707354E-6,
89.0,6.857941182484985E-6,
89.5,6.85334485633775E-6,
90.0,6.848582895040593E-6,
90.5,6.843658791809293E-6,
91.0,6.838576228932669E-6,
91.5,6.833339080003524E-6,
92.0,6.827951412141595E-6,
92.5,6.822417488134068E-6,
93.0,6.816741768598711E-6,
93.5,6.810928914079622E-6,
94.0,6.804983787151266E-6,
94.5,6.798911454463887E-6,
95.0,6.7927171888140295E-6,
95.5,6.786406471164673E-6,
96.0,6.77998499267351E-6,
96.5,6.773458656716954E-6,
97.0,6.766833580906342E-6,
97.5,6.760116099104819E-6,
98.0,6.753312763473141E-6,
98.5,6.7464303465208135E-6,
99.0,6.739475843167447E-6,
99.5,6.732456472863656E-6,
100.0,6.725379681723349E-6,
100.5,6.71825314472163E-6,
101.0,6.711084767917385E-6,
101.5,6.7038826907838765E-6,
102.0,6.696655288573546E-6,
102.5,6.689411174779885E-6,
103.0,6.68215920367614E-6,
103.5,6.674908473005904E-6,
104.0,6.667668326720859E-6,
104.5,6.660448357903643E-6,
105.0,6.653258411798703E-6,
105.5,6.646108589012014E-6,
106.0,6.639009248880476E-6,
106.5,6.631971013014773E-6,
107.0,6.625004769053738E-6,
107.5,6.618121674632074E-6,
108.0,6.611333161576733E-6,
108.5,6.604650940367645E-6,
109.0,6.598087004848649E-6,
109.5,6.59165363725862E-6,
110.0,6.585363413557564E-6,
110.5,6.579229209091211E-6,
111.0,6.5732642046047785E-6,
111.5,6.56748189266444E-6,
112.0,6.56189608447029E-6,
112.5,6.556520917096832E-6,
113.0,6.551370861221872E-6,
113.5,6.546460729315472E-6,
114.0,6.541805684396534E-6,
114.5,6.537421249304355E-6,
115.0,6.533323316583889E-6,
115.5,6.529528158997726E-6,
116.0,6.526052440705352E-6,
116.5,6.522913229134415E-6,
117.0,6.520128007618994E-6,
117.5,6.517714688816817E-6,
118.0,6.515691628963343E-6,
118.5,6.514077643044016E-6,
119.0,6.512892020855288E-6,
119.5,6.512154544118952E-6,
120.0,6.511885504590153E-6,
120.5,6.51210572334786E-6,
121.0,6.512836571196669E-6,
121.5,6.5140999903696335E-6,
122.0,6.5159185175254585E-6,
122.5,6.518315308144703E-6,
123.0,6.521314162427042E-6,
123.5,6.524939552727062E-6,
124.0,6.529216652650143E-6,
124.5,6.534171367939294E-6,
125.0,6.539830369175767E-6,
